<annotation>
	<folder>find_phone</folder>
	<filename>51.jpg</filename>
	<path>C:\Users\Raj Shah\Downloads\find_phone_task_1\find_phone\51.jpg</path>
	<source>
		<database>Unknown</database>
	</source>
	<size>
		<width>490</width>
		<height>326</height>
		<depth>3</depth>
	</size>
	<segmented>0</segmented>
	<object>
		<name>phone</name>
		<pose>Unspecified</pose>
		<truncated>0</truncated>
		<difficult>0</difficult>
		<bndbox>
			<xmin>101</xmin>
			<ymin>171</ymin>
			<xmax>135</xmax>
			<ymax>221</ymax>
		</bndbox>
	</object>
</annotation>
